X1350124,991440,991435,1094772,1094774,1080236,461074,1095963,1085598,1085615,1101723,517350
О00000039034,1103011,1094758,1094774,1094740,1085144,1078050,1100427,461129,1109750,1097824,1101085,1102207
О00000011296,474783,1078051,1084797,696366,991451,521700,1110389,474784,1078050,521216,696017,647895
О00000016610,1094760,1094757,1109699,1094716,1094765,1094766,1109696
О00000014450,1080995,1102205,1124963,387894,1094733,1032003,522329,1078748,1102208,1124964,504589,1080251
О00000014489,695969,1019796,540347,1101832,696243,1083831,1097820,695277,1118554,540348,1101829,653796
О00000011803,504584,504600,1094745,1094772,1094740,1103092,1101870,638708,433344
X131102279,695920,695623,1078051,1078050,1080217,1094752,989026,745250,448827,166522,1019856
X104804130260920,1090692,1101962,1010471,991473,996487,1078050,676566,1094244,1101966,388559,1101883,1094269
X1691080103,1078050,1078051,467054,463633,1094750,677916,670770,648813,433344,696348
О00000006046,1055752,1055751,1055754,1055750,167763,521345,696073,1109680,696079,696761
X131503158,1008595,1000563,167748,1103067,172707,166949,1083367,743890
Ю00000028672,433344,491470,648814,721458,1084753,1017478,696589,696656,569912,1101695
О00000027733,1078051,1084692,696557,696761,504384,491470,696766,1097896,695999,696760,695807,695808
О00000025343,1094772,1097348,648605,647902,1094721,1094740,696140,521548,505368,166981,527256
X169752624,1014339,1078051,1085121,676566,1101838,639726,458013,1014331,1078050,1014341,1101538,1101542
О00000025662,1104080,1084145,1078051,1104067,1104050,1000561,473432,1104082,696230,1078050,1104073,1104053
X1663109,474776,1080252,1027054,1078050,1100734,863059,1075589,466789,523288,1084744,466788,523295
О00000029274,521823,504339,696408,696294,1094754,1122421,696561,505768,520673,458040,696425,505771
О00000019020,1078051,1078050,696146,696138,696570,696366,696351,696408,695847,696288
О00000033526,530180,1073859,676573,670760,589610,602908,474704,521609,618489
О00000033211,1078051,1078050,1092100,1122420,499969,696451,1084446,695668,989070,1095926,1101695
О00000026301,670604,676581,670603,1102080,670617,1017473,1103061,1072967,1073329
О00000026737,1014331,1078051,1094764,568092,1096222,1000600,522307,1014330,1078050,387770,1014327,1014341
О00000016478,461132,461126,461117,594083,1077973,1102202,1078051,473432,648780,1109697,461153
X169740943,975412,635491,695684,695549,1085949,1078050,696350,695346,695657,676414,1085952,695191
О00000003449,402764,1094740,505429,387889,483392,506045,1096085,1109726,676894,676886,1109738
О00000039338,1114724,1078050,1094740,695324,1072706,504584,1075231,1114752,1084283,1114726,1114672,1118533
X169109165,695605,639888,648082,1094740,1094737,647581,1078050,695627,676967,1084577,1047980,1084321
X131503149,1000571,1000558,1032480,1078051,389396,576108,1101761,1080846,1096222,1129336
Х1316200141,499957,676570,639726,1101670,1072846,1101673,1088752,1126903,676575,1096652,1101680,862959
Х1302242,167748,1094740,1080997,469562,522323,167777,459588,474778,523290,469565,445677,1099766
X1303120419,1023262,166523,696698,696788,1096015,696212,506028,1075281,166522,1114700,696743,647575
О00000027767,1094661,1094751,1096222,1111477,461130
О00000012572,1080269,1080259,433344,491470,1094772,461129,676542,1103027,1078050,696444
X1314021031,1101276,655202,616544,1091688,389455,389453,1086036,167783,521619,540347
X190396142184,1094740,1094772,1126993,1101861,1078050,1114674,989049,1103029,1118987,1072969,1101865,944975
X1691935,521327,1112173,521322,696300,696181,696361,1103052,1078050,521269
О00000012564,1085254,1091164,520657,1080257,504565,1078050,1112119,647042,1081309,1080261,504600,647045
X1698206153,696073,696348,696366,502562,696585,696379,696761,695624,696349,696017,695389,696410
X131503152,1083933,466790,504094,1000572,504598,1109668,1114674,1072350,459499,647373,566308,633237
X1099020196,536315,483392,506045,1104329,579077,440365,676877,697607
О00000006251,696748,1103010,696288,695835,695999,646858,636985,696761,696388,696074,695588,696753
О00000034551,1094740,1078051,1072985,1124143,1124144,1096623,1010486,1084130,696640,1072982
Ю00000025197,721391,695836,1073195,692484,443034,696288,696748,721393,696757,1100744,692483,443032
Х1154,387775,1014328,1078051,1014327,1099626,1094187,1122426,387773,1014342,1078050,1101555,1029176
О00000008297,1103013,1103021,648132,1084207,1084208,1084216,1084465,1072952,580706,738600,731231
О00000031012,1061263,1061267,1010468,504584,996951,1091688,1000635,506753,1093560,601840
Ю00000025198,695661,862879,696579,568830,443034,1008595,479844,695740,863093,696564,507194,443030
X18612677,1094760,461129,433344,1103079,1088823,1078050,1096222,1094721,461135,491470,1109699,461121
Х1305146,1094740,1072849,1079707,1031521,1073324,529863,1000618,1124066,522389,1086876,505396,1124113
Х1306329,167748,521214,530513,460948,696320,1094735,816798,1100434,173277
О00000027697,521329,521325,1109699,1109750,696300,696093,1103009,1097337,1097336,1078050
X169828717,520710,520709,1081307,648081,589887,1106956,1103054,1087543,1088130,1088927
X13050101,1078051,1078050,1094661,1094740,1049810,695149,975420,975418,1083098,1083097,1095980
X1314021021,1094740,1097031,1077427,692482,692485,452663,567103,979347,1075063
X130501323,443034,520661,721393,695659,1100744,1099468,695611,443033,1019833,595065,1084671,507197
Х131033,676575,1078051,1122639,506752,670812,1078311,1101085,676562,1123905,506751,670810,588428
X169828718,520710,1081307,1078051,1094740,696138,696561,589887,1106928,498711
X169153208,1113740,647585,676915,1097896,695653,588407,537436,1084509,648081,694951,695522,648078
Ю00000027066,695920,505367,1085557,1101285,455890,863044,473431,695623,1072984,744729,653792,863078
О00000002365,1094740,1101085,506045,506053,1094748,991420,996485,996486,167704,1111476
X1350313713,483405,505495,389118,389169,647238,647573,506585,483516,648613,388992
Ю00000026694,589887,648061,648083,1078051,696761,696760,1075584,1111361,1114564,1096222,696562
X6991454027,1096670,1095956,695945,506409,587230,695579,695580,694944,696432,695949
Х1302710280,1078729,474782,1061263,529863,1091426,648809,499960,1080255,474783,1061267,696217,523327
Х13025117,1094740,1085133,1096832,167780,1101987,1048007,172999
X11932155,167763,500015,648814,696079,1017512,1072852,522328,653692,500005,1094670,500008,1094662
X10990201119,1094740,1101085,1078051,1080251,1080990,639442,638501,1096653,505771
О00000034373,167763,505838,499967,458884,505823,1101085,1113727,1124961,505850,474026,521660,1124946
X1694619,1078051,695831,919421,504596,1104358,695661,696775,1078050,695832,932591,387889,1104380
77777Х1306386,167763,474744,461121,461125,695668,989049,1017478,1079707,1084145,696336
О00000024899,1094740,1073349,1085609,530860,1100187,1084130,696640,456976,1047995
О00000023788,1123917,1094740,638745,592815,598452,604474,1123880,1123894,1123895,1124108,1122626,1122624
X1319190796,1103010,1078051,1100605,1080238,1124867,1111508,641542,1094747,1078050,388599,1123898,1126359
X6991454080178,1010468,732288,587037,1060954,696202,695706,696462,696268,695778
О00000014460,1080855,1075828,1078051,505429,433344,504550,695789,1080255,1097890,504589,1080993,1097891
О00000032812,1122638,1122636,1123900,1122637,1094740,1122632,1122633,1080986,1073276,1122623,459499
X169753027,505377,1097178,670514,1023250,1009779,1085150,616544,458883,461131
X169828731,1078051,885918,1073850,1000558,173067,814923,731237,1078050,1080321,476239,1073629,1101794
Х1313277,387772,1102115,1078050,1103029,454496,433344,696300,387771,1102116,821298,577146,1101821
Х106185,1100702,387771,166973,1072920,504584,695878,476384,1100703,758667,725543,1100695,568096
О00000017397,1094732,1094738,696165,402432,1100726,456979,1100735,1114569
Ю00000021166,1014990,1094740,696303,695835,975413,1078050,471733,173052,1085944,696225,975426,838973
Х143201,1102023,1094774,1101695,998650,1101998,1101723,670771,1101669,1101693,1094198,1102000,1101625
Х13021092,696452,696021,1078050,1109710,670889,696025,1074048,1025091,935762,505783,935767,505778
Х11867,387783,536315,167502,676886,166808,676877,440365,387785,387786,387781,1014318,387784
О00000001226,1010471,1100720,1101998,1094225,1087726,1094204,1078050,1094300,1100719,1101999,1094270,1094208
X18809256,1103044,1094750,1094740,696222,996010,696515,1096661,1094774,1094757,696425,1094716,1109750
О00000023551,1017422,1099628,1084028,522382,172387,1099936,1084278
О00000022750,1078051,1078050,1000600,696071,676625,676614,648431,1102048,471618,1091167
О00000021943,1124052,1094740,388979,1078050,469578,1122578,1074030,1124048,388982,1124043,1124089,1124053
О00000006624,1078051,1094820,1096008,387994,387993,619557,862942,1025113,473690
О00000012574,1080339,1080611,1081286,696766,696785,1096401,1075277,1080340,1102212,520704,1080265,1073187
О00000013266,1010471,1094317,696396,1079482,1078050,1096655,1094298,1075187,166586
О00000013643,1094735,1096655,474093,469578,999577,1043319,692435,1079298,587750
X13191835,1080236,692228,692218,167766,595071,619605,443378,471596
О00000022154,1096400,504584,505429,504600,1118678,1101575,647572,647573,695878,1098248,1114560
X1099040559,1103063,505429,504567,670810,670827,676612,676623,993348,714831,696731
X131101378,1078051,1094733,1100734,695637,1096623,1097820,536024,1021100
X19092227109,651351,651352,1120544,1125420,1094660,1109695,1094752,1096012,1138627
О00000021936,1124052,647156,1118980,656053,1101578,1124048,602920,1124089,1124053,1124045,1124044,1124049
X10193950,1094740,1010468,506753,1083372,433344,1078050,862922,1097031,504565,506757,1095024,504600
Х1313286,1094740,714833,714832,1094732,1017478,648814,862844,1101767
О00000021801,1094661,1109697,1109668,647895,996014,1091247,1078050,1096222,461128,505368
О00000031486,670771,1094740,1122423,1100651,648781,521546,1124071,670763,1097692,1100652,677916,670766
О00000007547,1094740,1101085,461013,460997,521800,433349,1078050,500009,696079,988969
О00000018847,1095460,1094748,1101832,1101828,387790,1094762,1101579,1101591,530512,1019231
X18654156,822027,822026,988986,1094761,1094740
О00000017615,1094752,1095460,1094745,1094748,1094747,1109697,1109710,1103019,1096012,578846,996014
X131503174,1000562,1008595,1100712,389271,569033,1094740,1073506,695768,578840,505846
О00000035322,1078051,1078050,505366,1097178,670915,1087100,1090526,1084441,1096087,458786
О00000021596,676557,676559,1078051,655200,505499,491470,670775,648781,1056059
О00000023847,1078051,1078050,387886,504595,1000604,1079928,696350,1102209,1114726,988969
О00000025035,1078051,1090779,1094740,1079391,521344,1091431,1100181
Х1218355,387786,1094768,387677,387774,461135,648780,388381,387785,387773,387781,1000641,457771
X30308195,1078051,1078050,472217,484705,505367,587359,1078723,1089325,696336
Ю00000021358,1096222,1094661,1094752,1109668,1094740,1078051,1078050,504565,991451,1078722
О00000012511,1094774,1103067,1078051,1078050,433344,1076260,1021107,676478
X30308221,1078051,1091688,1086036,167783,521619,540347,1114598,472214
О00000018848,1095460,1078051,1078050,1075070,1103079,1094762,1096012,1101579,530501,647895
Х103707,1079842,577054,591926,577051,591917,1094735,1078050,600681,598839
X1691080115,506389,885918,587231,636267,587034,1103084,476239,1078050,639479
X169144660,1087956,1114647,696689,1094778,504383,989024,695605,592279,1102212,520655,505612,958776
О00000021599,1078051,1078050,1101832,1101829,588484,167783,816783,1114635,1078746,1096830
О00000018086,1078051,1078050,1097907,1080264,1132068,1094740,670767,670770,725983,1096401
Ю00000024599,387960,1101744,1010469,1101729,173067,471636,471631,491470,988968,504596,484705
О00000029789,862992,1078051,504584,1094740,1000117,1118678,388905,988969,1078050,505429,1118532,473416
О00000007727,676568,1078051,1072963,1101869,1010471,1073855,1088152,1017428,1078050,1072922,676573,576061
О00000021560,641542,1101767,1102184,695393,500019,1096401,1101765,1126357,505763,1096793
О00000003932,1094646,387916,387917,387862,504590,1076084,1094740,1101085,1078051,1101917,448743
О00000026110,166522,1083815,1000117,1085042,638501,491470,1104292,166523,1083816,694889,1097913,1104250
О00000031168,521322,521325,1042403,1042896,1042897,1094748,1095974,1112115
О00000012559,505770,505763,1075278,1080261,814923,1102023,1101625,1095980,1078050,696766,696761
О00000012557,1094740,1101085,504336,504383,696549,696546,695999,695807,577411,1078050,696300
Х130733078,613080,1085121,1010471,1032011,1017478,1124088,522389,1099706,1099711,461119
О00000019907,1100823,695661,862879,696165,647042,696714,520757,1100744,1084093,863093,647049,568830
X186126390,1094772,461122,1075071,1112142,521269,461153,505877,1097824,461135,1094774,1109687,461074
Х1272075,641542,568097,1094772,862899,474784,505429,676559,1101767,568099,1100722,695386,1101821
X10193038,695920,695890,1101732,650294,695669,638526,1042908,471632,1102071
Ю00000021939,1094734,1078051,1094740,696079,506003,505429,695768
Х131616148,389449,647565,567161,567174,505886,1073510,1085602,604795,1084145,648906
X76159,1103063,1094820,1085125,1111512,1094299,677923,670840
Х1305497,1078051,725983,1084224,1072982,568752,676823
Х132229843,696079,695997,589916,594383,172675,473646,587897,1083987,166889
X16910801410,1094732,1111493,647042,520656,506395,1078050,1075277,1096654,1111492,647049,587269,1111491
О00000025697,1104099,648814,443252,505793,1104051,696569,443744,1104103,1122422,1104100,1104102,1104097
X1099025433,1103018,1118533,1114753,587943,1096008,1096654,1095954,676894,676880,696212
Х1302356173,1094740,1083372,1110360,1061263,616544,1080585,1015651,1074436,814955
УСЦ00002753,647042,389349,433344,1094740,1080846,520749,695878,647043,1017442,491470,405166,389350
Ю00000021938,389388,389389,1094740,1080652,1083960,1088882,631022,1078050,996951
X19039573,1103081,618504,506003,647913,588461,988968,696181,1096333
О00000021040,1078050,1078051,472214,577874,721458,1055630,648814,473284
О00000006252,167905,721386,167817,577719,1106074,618443,696700
О00000004980,521322,521325,1042403,1042896,1042897,1094748,1095974,1112115
X169144317,504384,1080602,568432,919421,696689,1078050,622518,520655,989055,577152,932591,696786
О00000001031,696687,647045,1101084,500015,458040,1025098,530508,696669,587037,500425,1085598,587262
X393772,1078051,1078050,1087956,505618,1073323,1094772,696074,743398,577076,696761,919419
X130503159,721391,1078051,1094740,587231,633097,636985,695897,721395,1078050,1060951,721394,1118642
Х1302717256,474784,1094740,696079,504565,1084543,499960,696102,474786,1101085,696127,1109724,474788
X10193425,1018593,576128,576032,1101595,647567,389480,1078050,573646,648312
О00000018110,1094750,1103079,461121,1097858,530513,530494,1047996,500349,1105830
О00000012049,173623,1096222,1094761,1080252,467106,521356,1109710,389638,576839,504091,988997,563915
Х131522,653851,695165,1009779,1124111,1084278,505429,476242,653687,694889,1124088,1001174,1124861
О00000021815,1094661,1096222,588210,1111363,885916,1083094,1084260,1094745,1097824,588215,1109710,1094747
Х131045,1094740,1103051,695920,505386,499957,387890,1081312
О00000013840,1078051,1078050,1094748,1094747,1096222,1096012,1079752,1072967,1072968,1101579,505778
X65617,696481,1079308,502563,1097896,1114726,474788,1095026,696300,1079315,696475,1079336,696448
О00000032772,1122626,1122564,1122558,1122641,1073294,993341,456978,1122624,1122562,1122575,1122398,1122619
Ю00000006020,474782,1078050,1096652,988974,433344,500314,1083970,1094670,1097911,387510,1094662,588234
О00000013759,1078051,821298,1094774,1096222,1083105,1094740,502560,1080845,433344
X1099040143,1103063,1096400,1094757,692436,1072857,523294,523293,694873,1102051
О00000020269,1094247,576943,1094774,1072984,996012,695878,1101860,388634,1098214,1100693,1086300,695122
Х153711042,1096650,1101965,1101723,1114700,1101838,387886,1101860,1096640,1101973,500358,500354,500352
О00000012493,479655,1100628,1100644,1088866,1075283,1084492,999575,166963,575391
Х1302989,521766,474795,474797,474845,521769,1078051,1094740,696783,1073288,1094734,491470
О00000021718,1080612,1094740,1079661,1088111,575643,744728,1083095
О00000034460,1094740,1101085,173061,472305,1093532,988968,1094733,1122426,676558,1101772
Х151481,505854,521673,504565,491470,1078050,500014,1111508,505841,505836,504600,505846,505829
X3030698,505366,1097178,1078050,474707,1141288
X1663115,1078051,1078050,1103063,1103032,993311,542987,602914,953588,587943,692495
X96835,505793,522386,589576,862824,1017417,590637,1099724,640440,618438
О00000012347,1094820,1094752,1094742,670830,587531,578489,696475,1096009,500330
О00000025379,670764,1078051,1103032,1094740,587380,696698,636521,1100693,1078050,523319,1094323,473285
О00000016526,1085254,647049,1060950,1094758,522451,1097164,945506,588412,732299
Ю00000030930,1000573,1078051,500012,1082107,1084130,473432,461152,1000557,1078050,500014,1084022,1032480
Ю00000011897,589602,499967,458528,588534,732301,1073624,588485,1084774,173063,430941
Х1302717199,1080252,474776,1027054,1094740,863059,1075589,459586,523288,466789,1084744,523295,466788
О00000004987,1094750,1085177,479655,461006,460955,696320,479844,989049,167252
О00000018162,1078051,1078050,991062,696561,530868,1101731,1118980,594380
О00000019476,696212,696698,638500,696186,1019857,1021105,540347,696487,1114753,1097906,695921,166520
X1698205136,496792,1081286,1078051,1084043,1096654,647894,587247,1073191,520711,568420,520704,603272
Х1316149,457646,458883,1078051,1078050,647531,587442,471642,696257,721412
X1350313957,1092838,1092831,1092840,1094740,1096085,692379,670818,670817,692245,1095980,1101826
Х1313117,1092085,1029175,1096085,1093518,1114700,577833,624981,521700,862330,1097906,1019857
О00000001284,520657,1103045,696557,696366,696752,696761,505771,504383,696074,696389,504342,504341
О00000025712,1017422,1088132,1122422,1122421,1078051,1094740,1085150,1111464,1111463,1000573,648787
Ю00000017629,1078050,695696,695607,1025105,506053,1109759,167290
X13050144,1094201,1094740,167906,167905,814978,1101561,738633,1078050,696350
Ю00000003308,500019,1082101,1088831,387775,603782,1101798,522328,1119577,1126886,387771,603774,1101799
Х1302717135,1080252,474776,1027054,1094740,863059,1075589,459586,523288,466789,1084744,523295,466788
Ю00000026656,521213,1095033,1094999,491470,1122426,1094772,1086035,1078050,696649,862815
X131101377,1078051,695277,387887
Х151472,579070,1078051,505852,461129,1109699,1072847,504567,505827,1078050,505848,1109680,505832
Ю00000026655,721392,467285,1094740,1123870,1080846,433344,721387,721393,567308,1122419,721394,173000
X186129235,1096222,1094772,1094745,1101579,461153,443388,166937,473746
О00000000830,1101719,433344,692436,388065,1118542,567261,1096655,1100680,1122423,692355,1100681,1124905
О00000012855,504094,638494,504092,1078051
Х1272092,1101085,1000569,1101917,473685,670683,466639,506409
X1698205128,1080270,1078051,1075278,1094739,505614,433344,696411,814921,1078050,1075277,505612,505592
X1319190613,1078051,1078050,1101835,1101555,1101538,1072984,1073324,576129,1072982,758679,504000
Х143310,692387,725544,589573,1104380,940610,1088215,647531,1077423
X104804130260903,1094740,1078051,483392,725544,166991,504548,473426,1010471
О00000004508,1035547
Х12488114,862859,1074546,862940,647239,606116,598452,696213,676771
Х130238461,569912,1073514,166987,445553,560888,504584,387775,569915,499956,692304,445555,1078314
X17981,639866,483525,692497,483526,639855,166641
О00000004507,1035548
Х1302946,468302,1094740,802496,1095546,731196,676609,497900,468462,862974,604466,468461,468304
Ю00000028139,1094740,1101085,1061263,1122355,1127155,1103015,1083724,1078050,388637,1100682,1077960
X169164171,1088223,1088189,1084325,1103021,568830,167832,618443,429270,1060943,1073183
О00000017065,1078051,996951,996952,387777,568095,1095529,1095530,461021,1084495,455890
X1691459035,696017,647036,496509,648088,576920,496490,694870
Х1302717257,497901,468459,443212,433344,504565,696758,696761,474786,468461,1027056,468462,1027057
О00000029479,996033,1080602,1112130,1112131,1088880,1078050,166548,1109696,725562
О00000032829,500309,433344,1094774,499010,387785,1122656,639726,500321,1122664,500329,500340,500339
Х1308844,1094740,1078051,443251,443250,648812,638761,695954,568493
О00000033460,1102024,389382,744023,1109697,1092838,1101695,476152,1102053,389381,388292,388181,388284
X169820509,1078051,1078050,520657,520704,1081290,520658,1081309,496792,1080262,521942,695392,1075064
О00000024925,504584,1096085,1078051,1122366,695997,592819,1100655,505429,1088752,166793,568135,692418
О00000012561,520660,1080260,1094740,1078050,696766,696761,1075279,520659,1080335,1081286,1080263,1080270
О00000011079,1094721,1094745,1094772,577797,504548,578881,991452
Ю00000000106,648089,648082,1084577,1094725,1118622,504386,504383,1094740,491470,696696,389337
О00000025690,604485,387771,473432,589619,1111487,1104048,1124079,1114638,568099,648793,1056059,1111486
X1691459020,696017,647036,496509,648088,576920,496490,670971
Х13132726,540347,475677,1078051,500015,500007,1118554,166515,1083139,743865,1086023,648814
X16910801198,1078051,1078050,506398,506400,1092840,1092841,1080986,1080646,1080846,491470,1023274
Х1302710111,695403,695266,1094774,1100683,1100605,1094726,491470,1118533,696001
Х1313344,1078051,1075229,1094740,996951,841001,1079559,587778,1078050,1083994,1076090,1083134,1075249
X169824807,1078051,1080256,696045,696252,576884,647895,587033,496792,696044,696305,596713,696096
О00000021603,1000558,1000562,1000557,1000570,1114943,1094740,1078050,1084137,676525,991498,696019
77777Х1306188,1094740,1111493,1111492,1092769,1081314,1081315,1112142,1098623,483393
Х12403894,1078051,1078050,648825,1097689,648826,1103032,696570,1114700,1075279,1100729
Х1302710202,474782,587380,1101655,1101645,523290,172274,459587,474784,523319,1101654,1101646,862914
X18612628,1094772,1103044,1103024,1109737,744319,504549,1114716,1103025,695384,648628,840361
X6991454080215,696461,695579,676410,695952,695945,695754,1083134,696403,695557,676405,695846,696170
О00000019267,1094661,1095460,1103010,1096222,1094774,1095978,696243,647051
Х12807,1085253,592815,1094212,1085609,1101723,1094287,506045,459500
О00000039426,1094661,1109668,1078051,1078050,1096222,1101579,1100675,1093547,1124015
О00000021677,695218,695310,695106,1094740,695920,500310,500311,1031511,1000558,388634
X1323144,1094752,1094661,1094751,1094759,1083819,638497,473345,1103019,696530
О00000008949,1109600,166520,935787,696055,1089639,173067,1021107,647576,676495,696021,696186,1021105
Ю00000014219,1079426,1072920,521730,588534,592815,470052,1124077,1084145,696336,696776,504249
О00000005463,388559,637496,1129301,569101,470049,1010467,456976
О00000005877,521213,1078051,697574,1080986,696230,1124875,589649,530512,1078050,1080646,696336,530513
Х11690,387789,1078051,458884,578883,1126994,1084022,588412,387790,1101566,387787,389614,389615
X699145408081,696236,696065,696465,648725,520604,696027,648723,696166,696030,696587,648724,695780
О00000038016,1095460,1094752,1109697,1094748,1078051,569912
Ю00000021446,1094750,1103009,500337,500305,696757,695835,696592,696610,1078050,507233
Х151461,505858,505851,505838,505856,538870,1078050,1101085,587947,505782,1118678
О00000017282,1094740,1078051,1078050,1100715,1122506,1074030,505776,443375,1075595
704338,639387,1102021,1102020,1090613,648814,1078050,1120531,1114674,696778
О00000003663,1109600,638500,504584,504582,387699,387700,670831,670839,696212,1078050,1101714
О00000020023,1103010,1094661,1109668,1096222,491470,1078050,1094851,587421,647895
О00000006887,1010471,1078051,1103010,648800,648814,1101579,1017473,388559,1027074,1087730,506033,1094206
Х130237734,1094740,1078051,1078050,467096,467118,1073494,505775,588200,589539
О00000008867,1092114,1092074,1078051,565186,1095033,1094999,1074447,1124024,1079461,822011
Х12725379,504595,1094740,1105838,445624,389455,1078050,1075232,504600,692417,445553,389447,387887
О00000003063,1094774,1094772,1091164,1094740,502563,1086026,1078050,577394
Х14119,676566,388628,677917,1094331,388599,1078051,1094740,1078317,491470,504584,1084543
X1903969862,1078051,1078050,1094740,676458,1096222,814906,389599,1056059
О00000016892,638780,1000558,1000562,479655,1088866,695360,1101718,1093518
Х1302710131,967626,483516,647238,647573,506585,648613,676877,430950
О00000034763,1094745,1094740,991473,1077426,505231,459584,1122575,996485,1087692,648814
X16913920,1085145,458040,507233,1000635,1000633,500311,500314,1008605,696533,1025098
О00000026366,1098214,1092098,602248,604003,433344,648814,1094740,1017478,1095980,1078050,569912
О00000012490,1088827,1088851,1088850,1078051,1094772,1088853,841027,172356,564889
О00000025689,604485,387771,1094740,473432,589619,1111487,1075211,1114638,568099,648793,1056059,1111486
О00000025676,1104069,1104081,1104052,491470,1000561,636521,1104066,1104085,1104055,1104072,1104084,1104048
О00000025648,1104077,1104082,1094740,1104050,1061267,491470,1078050,1104074,1104080,1104051,1104075,1104083
О00000016927,389398,1114741,648810,1102008,167055,714811,448697,389396,389399,389382,389383,389384
О00000038189,1095460,1078051,626050,648133,591915,476242,647895,1072324
О00000026300,1094661,1094759,1094747,1096222,1088880,1083938,503789
О00000009848,1096222,576839,504094,862985,504091,1090535,1087096,1094740,1094660,991451
X1350313834,1094740,521269,1112120,456980,456978,433344,1095980,504600,500337
X186126308,1077957,1094756,1094750,1094740,1103079,504549,1101140,1078050,504565,430956
О00000033321,1094740,1078051,714831,725981,1080986,647203,433344,1084785
О00000033145,1017422,648814,1096639,648812,696451,1084446,696654,1104376,695749,604474,696655
Х153711112,589843,635210,500351,695573,1088831,479657,1101838,461013,499967,613011
О00000012560,1080261,1094740,721391,721387,647043,505771,1073175,1080263,721395,429146,647049,1080266
О00000029481,1103024,1078051,862822,505429,504600,648906,569912,512050
Ю00000027616,1010471,1032003,1094740,387784,387783,588461,1092852,1060783,692435
Х143360,885918,1094772,1094768,651335,469564,1078721,676525
О00000025663,1104086,1104073,1104123,1124880,1101841,695878,1104102,1104081,1104075,1104124,1124926,1104082
Х132229978,1078051,1078050,989025,738631,989002,1114399,1125411,1080846,433344,589543,587943
О00000002936,1014988,1078051,1094740,1101085,1017478,1132068,1095954,1092767
X109901198,542986,814909,1103032,1047601,1096009,1114560,648624,542987,451752,988984,543026,816783
О00000002374,1094747,1094661,1094745,1096222,1101579,1097313,1080986,1073166,1088919
Х1302919,587761,587778,587773,468308,1095460,1017478,1080846,1078050,696561,731217
О00000026844,1078051,1078050,530510,530496,1072965,1094740,1017478,433344,589619,1099626
Х1248887,731188,1094740,1078051,1103060,506003,696451,1096656,1018155,1018160,725826,697588,697608
Х1236,885918,1078051,862822,648250,588534,744065,647043,587037,1000558,458013
resanta_67x1x10,991451,862925,647894,885918,1095978,676608,676605,1000557,1078050,1096222
Х12467,885918,1094772,388633,1100671,389426,725562,725543
Х130237750,696732,1099874,1099875,1019843,1104251,721458,1104237,1104236,696487,1097031
77777X98128,1084545,991062,638780,1094752,1078050,1073329,991429,472211,472218,472212,1084442,676861
О00000005990,1078748,653850,459586,1083831,1094287,1072851,1110388,1080997,862867,459587,523335,523334
77777Х1306339,1123894,996960,619620,1101085,1101869,744953,1123895,1123914,1123917,1124108,469565,474089
О00000025681,1073345,1103038,1104080,1075238,500311,696569,1104099,1104066,1104084,1075220,1104068,1104088
О00000034528,885918,1078051,1094820,1103025,633128,696608,696374,1088109
Х1302922,1084130,505778,1075227,1100653,595345,1014988,1080655,696640,732287,1075217,1100651,1084022
О00000029591,1097911,1078051,821298,1083140,696172,696530,732291,461122,1096087,1083960
Х1307279,1097686,522352,468308,468307,1027059,653685,522369,1022693,1102188
X19092296,576839,1094745,1096222,1095978,1078050,1094851,862985,1094761,647370,1134450,576845,816805
О00000013021,1101830,1000641,1000640,1014326,1014337,1079518,505429,744751
X109902016776,1094740,1061316,676430,999551,575450,648814,461129,1084023
О00000021939,1124052,647156,1124108,1110388,1124048,602920,1124043,1124053,1124089,1124044,1124049,1124046
70436073,638780,433344,1078051,1078050,1080655,1080846,505779,1094964,1080845
О00000013419,587497,538883,696350,696778,433348,696610,1099628
X16910801426,1078051,1094740,1047577
X169740970,696557,696758,695836,1078050,696350,696752,695999,1080652
О00000007556,696423,1078051,695920,696213,696217,166519,1118546,166493,1101085
О00000028122,638780,1122422,1103011,461129,1078051,1112124,1081007,1092828,1112134
X1048044642,1010471,696396,1094214,1101565,1102010,1102158,721458,173067,1101757,1000642,566980
О00000016966,1096222,1094751,1094746,1078051,1078050,1094740,1101579,502177
О00000008205,1010468,504567,1101870,1122651,1122644
X169828702,638780,1114752,1000587,1078050,1101085,696286,758679,433344,1114726,387839,491470,1114700
80175,1094740,1101085,1078051,1080251,1080990,676887,568817,530163,1084243
X169828751,1078051,1078050,578891,1080260,1073629,173067,731237,1101794,670776,1075277,1080321
О00000024883,696384,696223,1100744,507194,507196,1078051,1103075,696145,696596,429105
О00000020693,677912,1101575,505231,587442,606117,564679
X13190517113,1103026,696053,1103018,389383,389384,1094734,1017478,579072,527244,1095980
test-resanta_67x5x3,624902,1092083,1078051,1076637,616539,592806,1080846,696607,696601
О00000013707,1078051,1094740,506003,568673,166987,744728,1102000
Ю00000025770,1078051,1078050,626050
О00000027565,568092,387769,387770,1078050,1094740,1010467,1094204,1101275,1118530,1114726
О00000038166,1118533,638501,166519,166495,1078050,696667,648434,1114700,1097913,1118546,1085615,1114753
Ю00000030954,1103055,1103053,180073,988967,695835,1084263,647047,587235,1078050,461133,505763
X3030662,1078050,1078051,1092831,1092836,1092837,638780,1094740,1093523,721411,1080653
УСЦ00000936,1095994,1078051,1103043,460997,1093559,1109699,1095976,460951
О00000032796,1122452,1094750,504567,1100676,1078311,695506,1079302,1122637,1092106,653681,1123905,1123906
О00000007834,1061263,1084023,1094227,1100666,1061316,1061264,573646,1072325,1072329
Х21203333,1109697,1094760,1094752,1094751,1094761,1109668,1096222,1094740,538913
О00000015705,676453,1094740,989047,569912
Х130326587,522323,522322,522376
X1048041076,1101832,1101828,387790,1095460,1083372,1080585,1101085,814955,1105849
О00000033737,1078051,1094740,1056059,1109742,648825,1094188,1088853,433344,1132068
О00000038813,1109697,1095460,1078051,1078050,1103019,1109695,862837,696278
О00000018355,1061263,1061267,916138,483392,1100682,1101085,1112164
О00000017781,638666,1090533,1078051,1082105,1111481,1112176,505822,1094394
Ю00000011627,1078051,696366,696415,491470,696761,1075227
О00000033522,500015,1124152,1078051,988968,166548,1097147,499970,500007,1124099,500005,1124098,500013
X183158,1078051,1103018,1092833,474695,1017478,1103026,579072,527244,1095980
О00000013688,1090779,676467,1090535,1109697
О00000033461,1094740,1103029,1072982,1124078,1123886,1103032,491470,1124080,506059,1124071
X169751761,1075190,1083094,1083095,1078050,1017478,433344,647895,1080845,1078721
900524,1078051,1094661,530510,862991,1096222,504565,1084442,958401
Х12725470,504600,387774,1105838,433344,1102206,1000119,639726,504584,758667,692351,505429,504567
О00000007446,1094772,1097824,1094740,1078050,589933,647908,653840,1084495
О00000025670,1104082,1104083,1104084,1075213,1083999,1080846,1078050,1094247,1104052,1014356
О00000033483,1124085,1124086,1124081,1124149,1088879,1078050,1114726,520810,1025091,1096654
О00000017377,677913,682501,504584,505429,1080846,433344,1078050,1114577,1073860
X19040010,521346,1109750,461129,862822,521213
О00000034465,1061263,1061267,1084023,916138,505366,1125506,612925
X186126219,1103011,461129,1102208,461118,1094755,1094744,1078051,1103043,1096639,695532,696425
О00000025705,638780,1078051,1104107,1104113,677913,521213,443250,1078721
Х13021327,497901,474785,474786,388198,388200,1100592,1088949
Ю00000029804,504384,504338,520659,520662,520677,1078051,1078050,1103054,975412,1080646,996931
Х1313289,1094204,1094262,1094303,619602,1101929,1101931,1042399,1083987,1000570,1094258,167108
Ю00000026997,521215,1094740,1095956,1076260,503788,647042,471464,530510,1101085,530513,530511,530494
X6991454077103,575443,958776,695143,638775,648717,695336,575924
Х131620035,1094740,595071,505398,694922,692251,1106888,567154,471610,1109750,576032
О00000010007,1078051,1078050,676453,504094,504095,590647,1087692,491470,1096669,990293
X186129239,1094745,1094751,1094747,1109668,1096222,1078051,1078050,433344,1101579,1096087,991451
О00000003955,630971,1102037,714843,1102190,1017517,1017452,677923,670830,1114700,473429,670818
О00000002395,1078051,504337,695605,695976
Х12725421,504584,1078051,670840,638751,1104231,1081312,504550,504565,1078050,670827,996951,504596
О00000025713,638780,648814,1088132,461135,1072982,569914,1000642,1075217,499956
Х1313238,389382,1078051,448764,1085615,461014,1097906,1025105,389383,1075203,999537,389384,389385
О00000013704,459162,459164,1102057,459160,1101723,676639
X13050213,721387,429146,721386,721391,721394,695896
О00000025669,1104081,1104099,1104067,725983,474093,695458,1088193,1104086,1104098,1104066,1104103,1104100
О00000033323,1095114,505394,1122639,1100655,1100591,1018171,1100704,647913,1100665,484705
О00000014464,1078731,523288,523338,1075091,1078051,1078050,1094740,587380,587383,173067,577744
О00000026107,1023274,648776,530512,1096015,1104252,1118533,696667,166493,648774,530505,647575,1104253
X16982805,520662,504383,1081309,1078051,1078050,1094772,1094727,491470,1075277,1084311
Х103260,1017478,638676,577394,653852,472585
X18809358,1094766,491470,1097823,1075600,647895
X18612012,1078051,1094764,1055636,167257,461152,996956,1073284
X19039727,1094750,1109710,1103024,1094740,1082105,457646,862992,1096655
X1099025458,1094740,1078050,1095460,1094724,1094188,1094187,631022,1114752
X1048041202163,1078051,993320,1097031,588497,578885,459170,166889
О00000022649,1078051,1101566,578843,1094740,467285,1094964,1126357,1078050,1101834,567257,467293,387787
О00000024896,1094772,504584,504565,648210,648206,389383,509857,588534,1099790
X1048040715,1078051,568097,568099,648790,1084130
О00000017779,1094820,1096400,1103032,587422,580916,1113714,1084130,1076655
О00000033248,1078051,1078050,1118541,1084442,1098295,822011,725983,472214,721459,1060782
Х1302710106,696079,696127,1000561,466792,1060960,638780,474786,523290,523289,459501,504589
X1350314082,1078050,1078051,504549,577802,172395,172384,433344,1104386,387895,167241
X1311011156,695969,862330,504567,1019796,540347,638501,505364,1100734,989026,387901,1019857,695277
X16912333,1078051,1094774,696687,520812
О00000032775,1092836,1100708,505779,522370,1122660,1087726,1084145,1122626,1100715,1084543,1104038,1122624
О00000034620,695806,696415,618504,1078051,696748,862996,429116,696288,696746,696761,696388,696711
77777Х1306385,676575,1014322,1014320,1078050,1094740,695920,1075231,1075218,1101606,1122574,589539
X169740914,635491,696144,1094723,1015637,1085948,433344,504312,648178,1084394,614529,1085950,1084368
X131102249,1085253,695920,638531,1094671,491470,862846,989026,568290
X1099020192,1094820,1090784,1105851,1096008,517659,648312,1078050,1080838,587947
О00000036599,1095460,1094752,1095978,1097313,1101085,1101579,991451,1127606
О00000021051,1094740,504600,504567,1099631,1099633,468543,468448,1096012,1109696,506053
О00000011064,1078051,1094740,387771,568096,521673,505835,1075064,1100706,1109710,504584
Х1141,1014315,1075284,1014316,1091164,1078050,1094772,1014327,1014341,1120553,721408
О00000008887,577504,695604,695487,433344,1101085,696366,1096087,505887
Ю00000030815,1102206,1102209,1102208,1094774,1094740,461152,695432,1017470,1078050,1112119
X169828720,1081290,520733,520704,1075278,505770,1103054,696561,520749,975435,647557
О00000001934,1083372,1019235,885918,996951,1100665,1000557,600690,1097124,1138921
X169164119,695534,1083851,1073195,1073183,1084131,1060943,695714,1084324,647063,167831,527212,1083839
X65644,474827,521789,521790,1078051,1094740,647203,520748,648800,499966
X183179,1094740,695920,1014988,1032480,1078050,696579,696691
О00000017614,1094752,1095460,1094748,1094761,1109697,1077438,862991,567257,638563,1096012
X169824802,1078051,1078050,505869,1075277,1094740,1122361,1075268,696366,696785,696761
Х130254,1017422,1122423,499963,696397,696056,1073179,696090,506003,460950
О00000019266,1094760,1094751,1096222,1078051,670772,388639,1017478,1102208,696742
Ю00000320267,1078051,389395,461014,1000642,696396,1078736,1075255
О00000004387,696687,696686,1025116,521345,696657,387772,387771,1092844,589619
О00000024893,1078051,1094740,1109697,506003,476384,696243,591917
О00000005777,996019,988999,1094774,1097824,1109750,1101085,577771,695910,1095976
О00000022514,1095460,1094752,1094661,1078050
X1698205154,696787,696786,677930,1094726,1073191,521942,696672,696671,167672,676721,695849
Ю00000011846,576032,714858,1101764,726015,458526,1074758,1078050,695623,167047,389431
Ю00000007603,1045434,491470,648814,647551,647547,1080846,1078050,1109699,459267
О00000029002,1094661,1094752,1094745,1109668,1109710,1112142,638780,696653,504565,676556,653397
Ю00000027265,1122626,1122641,1027055,577052,993341,456978,1122624,1122398,1027035,1122619,1122620,1122621
О00000006047,1055752,1055753,1055751,721384,1073161,1023246,696384,695897,1083912,695835,696748,696738
Ю00000027593,1087726,1078051,1025105,1073324,1094276,1099626,1094281,676700,1078050,1084446,1072846,1087692
О00000029616,1094748,1103019,500016,530513,653686,1124107,167055
Х151489,505835,521673,1078051,1078050,1094740,1073287,1073288,975412,695675,1084446,648190
О00000021588,600692,576131,1101762,1100666,504565,1114560,1113727,648309,1097178,458013
Х12725294,1094661,647531,647551,1096222,521548,1101739,1075599,1074841
Х131312,1078050,1083130,695449,695426,504550,387677,567717,568485,1075277,387775
О00000029680,1078051,647237,1078310,388629,1095026,443250,455889
X13501138,1094775,1097031,696224,696334,588500,1101714,491470,167673,1076091,695564
О00000007687,1078051,1078050,638780,1072985,1101285,1127155,1084140,1010471
X13503140104,1078050,1078051,1094740,1101085,172392,172383,491470,389382,731212,506755
О00000025652,1103067,1104055,1104051,1130283,1130274,1104077,1104075,387771,568115,1078050,1095944
О00000013834,1094750,1094751,1096222,579099,1101579,1141278,695384,167169
О00000002570,1078051,1078050,1094740,1094775,637769,648780,914649,1081007,1118527
X169751498,499010,1078063,1078062,1048004,647053,1094941,889076,696408,696348,1110385,695417
X19039580,1103044,1118987,461003,647903,1091164,530513,530512,473284,1084404,1080997
О00000012235,1078051,1103032,1097348,638780,1078312,953586,1101685,467106
О00000021602,1000557,1114938,499971,461124,388614,166549,567298,1024539
О00000038018,504596,821298,1096654,387772,587242,1094990,504550,504567,1097911,387771,587037,504589
О00000037641,731212,996955,594083,695920,1100692,1080238,1073327,725983,517350,1112147,714833,725982
Х11551,885918,1078036,476239,589573,167034,692376,504565,1101695,619563
О00000024840,1000641,457772,1000639,433350,433348,521799,1080846,676544,1074030,1080845,455889
О00000033523,1078050,1097917,1094740,1032003,506041,631022,1084270,1122631,1072982
О00000000347,593333,1084145,433344,1109767,1017478,603782,603774,1095980,1078050,1122562
X699145407799,649549,732288,694944,387782,1000625,695473,1023274,1019843,695936
О00000033481,474065,469575,469569,1124085,1124083,1094740,1103029,1101723,1078050,1124088,1124076,640440
Х1307337,500004,500008,500010,1100726,1101970,1100700,1103043,676544,1094261,1104043,862933
О00000021946,1124052,648814,1114726,504249,1111493,676625,1084482,1124048,1124043,1124089,1124053,1124045
О00000027675,1078051,1078050,991420,1010467,1094290,491470,988968,696396,506048
О00000024923,1094740,1101085,1103078,991451,647895,996014,1078051,647042,647051,648809
Х1302710239,469570,1124148,1103026,696053,474791,474776,1080988,1082118,433344,1114746,1101579
О00000012177,1078051,1094740,458884,459586,459584,1080239,1122560,588531
О00000021642,1078051,504565,505429,387786,387782,569912,473432,387774,568095,491470,670775
Х103238,577054,591925,472585,1094752,521346,476384,1083130,714831,387696
О00000013779,1078051,1078050,1094740,1094750,1109699,695743,696156,638745,435228,476243
77777X901119,696074,695980,696153,576931,167672,167670,1094740,1078050,520802,695979
О00000012439,1078051,1094740,696079,695504,505793,504565,1141276,1076634
X1319182155,499963,499959,455890,1085121,1080846,696079,1094646,695107,696019
О00000020356,505792,1078051,988968,1103010,1094740,587943,521740
О00000027595,1101566,389614,1101833,1092085,433344,491470,167708,167502,569912,639726
X190500,1094750,1094761,1078051,1078050,648825,648826,1094772,579054,443723,1096639,648797
О00000034706,721412,1124867,1095529,1095551,433344,1084693,670812,459584,670815
Ю00000023549,1122626,1078051,1122641,1073294,456978,1122624,1122398,1122619,1122620,1122621,1122630,1122628
X393562,696253,1084381,1075227,695265,1084339,996931,1100719,696225,696399,1075252,1084309,1084187
О00000006044,1055752,1055753,1055754,1055750,167763,461121,167514,695808,474062,934909
О00000006562,389396,389398,1078051,696451,696257,387769,387770,1094965,459162,505763
О00000022211,1061268,1061267,1094740,1087702,1077960,1078050,1010471,648809,696640
Х13021294,569912,569915,445553,445555,1123875,577423,560888,1078314,504584,387775,692304
Х1302710143,1084023,916138,1095659,695404,1091426,647042,647052,1101085,1072325,445557
Х103222,613080,521346,1025116,653852,589868
mir-instrumenta_38528,1094820,580916,587422,648309,993334,1078051,587531,965595
Х13025123,1018609,1094740,505820,613091,696671,1085944,461073,603782,505856,695955,696612,603785
Х153710444,500310,500292,500295,695743,522405,647041,696590,696672
О00000021423,1094752,1095460,1094661,1096222,1103019
X183892,1078051,721387,429146,696761,696714,731212,595345,696288,989026
О00000016740,1094740,1118992,1094965,459025,670626,670601,1096439,696212,1118533,1101757,1084044
Ю00000027978,1017494,1124070,1122636,505768,522355,445643,1084772
77777X68821,433349,433348,433347,592138,1077426,1125502,433358,1112142,1096222,695997,1000647
Х130833127,1103038,1102060,1102058,1102054,670767,696243,1101633,387773,1094207
X169828750,1078051,1078050,1100733,591936,1092116,1094740,1114577,1083970,507231,1080986
Х1302710135,639660,523332,523318,639658,1086037,172274,1078051,1095608,466792,1101758,173079
Ю00000018024,604485,387771,473432,589619,1111487,1010458,1104092,568099,648793,1056059,1111486,1104093
О00000033462,1072920,521730,1097178,1100956,588534,592815,1078050,1097697,387891,1124078
Ю00000019540,1094752,1094761,1109710,1109697,1109668,1094772,1096222,1103019,1078051
О00000011802,1097031,1094768,1107807,1100647,1109726,1078724,1078050,504565,1100628,1089280
О00000038187,1095460,1094769,1061263,466624,692313
О00000026485,443251,443252,443250,433344,648814,1094740,1100665,1000587,569912,507209,476030
О00000040595,1094740,1078051,1094733,491470,1118987,988999,1096662
О00000016720,1084245,1084244,461123,461117,1109755,647908,1084134,1083091
О00000034359,1124960,499967,458884,1136837,1113727,862903,1101794,1124961,474026,1124951,1124966,1124949
Х1302710291,1078749,1080249,505367,468457,468454,1078308,387916,862922,387786
Х1302717172,1085121,474787,1017422,1083134,763840,1084022,467858,648780,474788,648790,474790,1087105
Ю00000021299,500015,1078051,1094740,505778,1109733,506395,648061,500005,1078050,500013,500012,500004
Х131069,1100703,695852,682501,994671,577054,624981,471650,1100698,695878,1100701,1100704,603782
77777X68823,1077988,601616,1077983,1078050,1075169
О00000005705,1094772,1097348,433344,1096087,647895,166981,521800
О00000024898,1078051,1078050,1094772,695920,1074050,505394,695789,1039180
Х143183,647236,1074031,1101652,1101658,1083134,444685,1101647,474817,1088911
О00000018995,651351,651352,988992,1094761
О00000025232,676566,1101862,1078051,1089639,862850,1096780,670764,1101857,677917,1101864,388614,670772
О00000030327,696408,696348,520748,670513,1078051,1078050,696093,696146,696570,696071,696137
О00000021684,1078051,1078050,1094758,1094740,1080599,389381,576032,1095976
X169125121,647532,647551,647547,647534,821298,1075202,695878,1109691,1097821,1083831,1111468
О00000026404,1078051,1078050,1094740,594083,676543,647042,647049,491470,569912,530510
О00000034374,167763,1124960,1124946,1124951,1124966,499967,474026,458884,1113727,483392,1123873,862903
704265,1094740,1101085,1078051,1083134,1094738,167670,503788,1101883,1088910
X169824834,696366,696074,1072338,512766,496792,505606,474776,450102,696761,576884
О00000029001,1094661,650294,1101739,1075599,692336,647531,647551,1096222,1098295,521548
О00000014002,1078051,1078050,577054,591915,1084442,472214,1094245,567694,1056065
X1099025437,1103032,172316,1097691,587951,1017497,647580,670818,517659,472911
О00000014459,523291,1081001,523306,1094740,1075828,467863,467862,696069,695789,522369
X1314011124,1094740,696446,696766,696518,696761,648311,696389,975435
Х1537125,1078051,1078050,1096634,1096635,638780,469478,471642,695890,602204
О00000032786,1092839,1122626,1124148,1094740,1085150,491470,521330,473431,589619
О00000039425,1112142,1095460,1094750,1103079,504549,1109680,1085150,491470,167239,1112136
О00000008779,1091164,670760,576061,1091427,738606,579051,996026,521702
Ю00000029581,505367,1072984,696079,695060,1084464,731220,433344,743601,1083831,676617
О00000019894,1101669,1101672,1101637,1102054,1078051,1097031,1075255,473432,530498,633203
X190449,1094772,648825,648826,1094740,862822,506003,1078050,696698,460958
О00000021568,1101832,505374,387775,576123,1088746,588534,587441,1101830,387773,1101568,1000641,457772
Ю00000029999,1017422,491470,1089885,1089879,499957,714831,721411,721412,1124110
Х1316147,505807,522451,638780,1094740,696758,1080232,473588,1094264
О00000016136,476384,994671,577054,577052,591925,591917,521346,502561,1095941,1118559,167181
О00000002854,458040,695831,695532,1025098,696379,695300,695124,696409,695832,520749,520748,1023249
X13050232,1084512,1084528,1084708,1094758,1101829,1025091,592819,1094984
О00000020565,1078051,1094740,862971,1080846,1122424,1109745,473432
О00000037640,1000558,1000573,1123895,1123917,1094764,460995,1102050,577869,499967
О00000021667,1078051,647059,1014327,569912,530513,648814,1099796,1078050,520800,1101555,569915,1095014
О00000033071,1102024,1102053,388292,388181,388284,744023,1101695,476152,587442,1039183,410561
О00000032818,1094286,1094210,483391,1017422,1078051,1103090,1122621,504584,1122562
О00000036154,1078051,502562,862837,1126994,458884,433344,1101085,538867
О00000025149,862959,1124052,1014327,1087730,1118980,656053,722130,577852,1124048,1014332,505398,1124043
О00000013971,1078051,1094740,1094733,1094204,1101612,1018155,731190,1085557,1101818
О00000035712,1017422,474788,653687,1092831,696667,765753,466641,433344,996042,1109754,491470,1122422
О00000021598,1102024,1102053,388292,388181,388284,744023,1101695,476152,1123697,587442,1039183
Х13029821,459500,862867,467107,459501,1094740,1100734,695305,1000558,639657,1093516,1098210
О00000027084,1090783,1118546,1019796,505793,540347,504584,500358,1097820
X16910801168,1091164,1080257,1080263,1080268,1094740,506003,862846,504565,504600,696257,507203
X237139,1094747,1109710,1094660
X19092226177,1094751,1094661,1109668,1094660,1109695,1096222,1043317,1080655
Х104130,1095460,1094752,591917
Х130252170,1094736,1094196,1094193,1103028,695997,167773,1073245,474026
О00000025515,1095460,1094748,721412,1124867,944962,1124905,166494,521213,1126995,1074447
Х12725465,167763,388029,522328,522329,536024,536025,1055636,387900,692348
О00000026255,591926,648133,591925,587759,591915,1094740,521324,841035,1077438,1118630
О00000026249,1079842,577054,591929,502565,637987,1083134,696334,695552
Х143124,1107808,1101673,1100635,998650,1101723,695458,588497,1101670,1101848
О00000020561,1103095,502560,1094754,647044,1080342,433344,1078050,429106
X1193217,561817,167704,695920,491470,504590,692496,1017512,592815
Х1302710283,1080989,1075828,467863,696069,458527,1104358,638538,523291,1097891,467862,1080993,523294
X109902016757,648825,648826,638780,653696,1078050,500339,1084022,725998
X109901229,542986,1000117,587943,676899
X1099040350,1094820,1096008,648312,670809,993342,1090805,1096623,1010486,1095947,576123
О00000004402,1078050,1078051,504551,738605,1073246,576947,862925,945506
О00000016924,1094740,744022,387901,1000640,1101695,1101575,669494
77777X68866,433350,521800,433349,433347,601616,676503,695669,696475,696556,1126357,521548
X7610,467034,1095018,505396,521546,1018615,588207,1018616,648308,530163,1094778,676712,539016
О00000016281,577504,1094757,1103079,505377,1100426,1084495,1106897
О00000036596,1095460,1094752,1109668,1103019,1097896,991452
X3030888,1078051,474744,504584,696213,166643,1025088
X16914425216,1084692,696753,1095938,568432,696145,1118644,721387,695897,696301,1122404,505618,695808
О00000029769,696079,1000600,1000614,862992,988969,1092844,1017512,1083831,576087,1123872,676823,1025989
Ю00000018198,1095980,1109697,1109668,1094740,1094735,1074758,1078050,443252
О00000026729,1094774,1096222,651348,647375,988959,1103079,461122,1102209,1109699,166549,576021
X16916419003,1084324,1083839,1084264,1084131,1083851
X169828743,1078051,1078050,1094740,1094731,1075172,506400,1008598,696700,1080986
О00000033655,1078051,695920,696395,696267,1094331,1124867,1113732,1101910
Ю00000018944,505386,1073485,647531,1078308,1097031,569912,521215,1080853
О00000001888,167455,167461,167458,172745,891900,1073195,1073183,611459,1078050,696785,636985
О00000026762,1017428,676573,576061,1101868,1094740,389397,1101835,1101555,1091430,589619,714866
О00000012191,816779,522380,1078051,1094740,725983,1084224,988968,696444,522399
Ю00000012000,1088751,1094187,648814,502292,521216,1101766,721412,1084130
Х12725475,1094732,1094735,576128,576068,1109718,1075248,1093560,731196,1100737
О00000024887,862992,696079,1103011,504584,1000633,1093560,1085557,1000600,1092827,696090,473416,1055636
О00000021688,639726,457752,989047,173067,491470,1078050,1109750
X186126248,461129,577795,461122,1109680,568095
Ю00000001826,387894,996953,743569,589854,1021107
Х1302717229,458862,999551
О00000026157,696212,940603,1094740,1023274,1085615,743601,1097906,944962
X16912633,638780,450098,450099,504410,168056,696444,696604,1084609,521731
Ю00000030837,1123917,1092842,1123894,1123895,1124108,1123893,1123896,996960,1017478,1123914
О00000012562,1091164,696351,530868,1117400,1084578,1079320,167646
X1903182957,1078051,1103090,461121,744319,459267,677913,1096623,1075589,1083097
Х151468,505858,696079,1000613,1090690,521667,1078050,676639,506400
X359,696553,696530,648711,648698,1095564,1113955,696197,696236,505776,696196,604795
О00000025242,461124,521214,569912,648626,461130,521215,461127,521216,461120,530496,577774,578846
X1350313716,1078051,1078050,1097911,647043,647041,1089095,648814,530513,1084130,1088751
О00000012575,1080261,731211,505592,1094739,648800,648780,1094731,1078050,696411,695759
О00000012497,504584,505429,504600,996951,1088874,1078050,1109755,569912,696331,1102026
О00000006043,1055752,1055751,1055753,1141284,1094740,1000570,577774,429119,1023229,695835
X1691090441,648082,1084577,1078051,496509,496490,496488,1106956,919416,695588,1084578
О00000021564,1078051,1094820,491470,841035,670775,1105851,530501
О00000016142,1078051,1078050,1094755,1094740,1094738,695233,695500,569912,460964
О00000014142,1081001,1078729,1080255,1078051,458884,1075828,500016,474062,577429
О00000016214,576839,676467,862985,1094740,1109668,1094851,443247,1122445,443692
Х153711111,914642,504243,589573,589843,457646,996951,1097124,530860
X30308174,1078051,1078050,522451,1075592,1088126,1088125,1096639,1096670,696469,648809
Х12744,1095460,1094740,387783,387781,676559,1075256,1000558,1014330,1080232
О00000033519,1092840,1126903,1124102,988968,450102,1027066,1079571,1092833,1094261,1124103,1124085,1124081
О00000032790,1122638,1122636,1122637,1094740,1122623,459499,1124070,509188,1122647
X19092227102,1096440,1096222,1109695,576839
X39308,1103050,996931,589936,696074,696761,499966,505763
Х145163,576061,676564,676573,1122588,504550,1126904,544823,172646,389457,725978
Х1302356180,638780,1072984,1080846,1075260,1080845,499970,1081005
X13050222,744335,1084529,1094774,676396,1094724,1084528,1084531,1084506
X699145237,1078051,499969,648812,1096668,522329,1078037,676826
X190341,1103079,500015,1092835,530512,530496,1124902,1078050,569914,1100592
Х11787,676586,676587,676589,676585,1094740,1094768,653854,506756,633758
X186126306,1094772,1097824,1095460,648814,1109734,1109694,744319,1122656
X186126494,1111493,1111492,1111491,1094740,1118975,637894,166987,692308,461073,459270,568938
X18623106,1103043,1103024,1094750,500016,500009,1096655,647893,1072849,647551
Х12725466,996952,568135,1078050,696001,504550,635210,1096085,611427
О00000021584,998650,1094198,1102023,1101638,1096763,1097031,677916,1101695,1101632
X1099025448,471401,1084140,542986,648311,530163,1113714,692496,1000117,587943,670817,388903
О00000021605,461123,461132,461127,461124,461117,1102204,521346,578842,1078736,676458
О00000009113,1017478,1090534,506003,504600,648809,1106914
О00000021536,1094740,988968,695798,862992,1010485,1101623,1075255
X1048041074,695920,695090,1086234,167549,840361,648613,167783,695890,695043,1000567,695026,694793
О00000021545,696396,504565,1101762,1114560,1113727,648309,1101730
Х1248811,1094740,1103065,387775,676614,509840
Х132215,647238,647236,647237,647239,522369,522386,863038,1075588,695851,1120554
О00000008211,1078051,1084495,1123900,1129355,1089325,1122652
О00000021663,989047,1101955,1101956,696668,1084123,521213,653686,591929
О00000034675,1095460,914644,1114564,433344,1096012,1101085,1096087,1109706
Х106374,1100726,1100720,1100599,1100722,1029175,1093518,1102005,725562,1080228,172346,862805
О00000002362,1078051,1078050,1018170,569125,569127,1101285,1078308,523178,721437
X186129218,1094661,1094747,1096222,1078051,1078050,1080846,1080845,1112133
О00000007557,521216,567258,1092843,1096654,996025,1097820,1111519
Х1272227,1008595,1000570,650295,714838,1083372,568804,564134,1080585,814955,1105849
О00000016636,696787,696786,648078,695450,1078050,725983,695610,647047,1084578
X13140633,944962,1126993,625833,1078051,1103032,520810,520812,616544,696338,996025
О00000032807,1122638,1122636,1122637,1094740,1122632,1122633,1122623,459499,1124070,509188
X1691445,520749,670514,885941,497013,497020,696138,695532,505763,634781
О00000032297,1078051,1078050,1091430,523668,638780,1073494,172274,567297,167040
Ю00000023005,504565,504584,504600,1078050,504550,1101136
О00000035775,387960,1080828,1101729,445647,670763,1101840,999549,1101766,692297
О00000032780,1122638,1122636,1122637,1094740,1122632,1122633,459499,1124070,509188,1122647
О00000026299,1103010,1095460,1109668,1096222,1101085
О00000018846,1094740,1101085,530510,521214,530502,1103010,1103057,648607,1010471,1075589
Х153710828,639482,639486,1096650,635210,504565,1084546,1010469
Х130838,433344,491470,1078051,1094740,1080846,512036,1080845,1104376
О00000018547,1014331,1014337,1014330,1094740,1010467,1096625,991470,1092075,1097124,1096627
901153,576038,576131,695284,695316,1079674,505827,505835,696079,1075278,1084162
О00000013969,1078051,388559,696396,1077957,1101929,1101924,696071,616522,914652
X30308172,1118541,991062,1078050,1074841,1122369,1014335,472214,505364,523268
О00000000697,1072984,387773,758667,1021102,1021103,172689,590596,935785,695847,1097697
О00000016953,1094751,1109668,1109710,1094772,1096222,862822,506003,714869,695668,988979,568938,647894
О00000012464,695920,696069,1094230,1094298,1124860,1132068,862330,530501,648810
X1350313993,1083138,1078051,473285,388638,653851,460948,1084224,841031,1073171
О00000028968,576090,1078311,1124050,387962,1084022,1074836,624936,647462,567161,1100673,567174,576098
X1663116,695284,522329,388559,506048,862867,522371,653866,695221,522354,1122562,863081,522355
О00000025701,1078051,1104108,1104106,696630,638758,1101840,473415,500307,1104124
X10192690,647419,472218,472219,472212,472211,387901,862991,1078721,471636
X1048040884,1090692,1078051,469565,469563,491470,1096222,1052148,1080228
О00000025223,1014327,1014332,1014326,1014330,1014316,1014315,1014314,1094740,433344,1096681,1088751,744751
X13050244,670858,670865,1078051,1084530,975426,696480,1084512,862864
О00000024895,1094772,1094740,433344,676544,696379,1027074,457754
О00000031013,1090525,692436,692402,1072706,1061316,1094956,472019,670923,1088949
О00000013011,1031513,1096623,388536,1109699,1102203,696396
О00000031433,1094758,387697,387682,461121,387886,1101568,836615,1120571
О00000012967,1094740,166922,1096805,449065,1102000
О00000013284,500309,500308,387701,1094738,1078050
О00000027737,387771,758667,568092,387770,504384,504385,433344,648814,1103043,648813,1094322,1101909
Ю00000005837,1103079,676559,587524,732299,836619,1039623
О00000034961,387907,1094740,1075068,1125562,1091427,695179,576061,1072965
О00000033648,388559,1010474,1076637,862837,721412,458527,458526,1075267,1017475,676528
X1691090438,648082,648089,696723,504386,504385,1078051,1094726,696700,496487,696364
О00000019028,1094740,504584,504565,505429,504596,1075267,743569,504550,1047582,1094956
О00000023848,1094740,1122418,1122419,433344,696687,460995,1080845,499966
X169820511,1078051,1078050,1094740,568511,568516,520764,1080986,1089925,1088931
О00000020463,638780,1101832,1101829,443595,1018611,676746,1106045,1096830
О00000033520,500015,1124102,695878,1097147,633206,499970,588530,500007,1124103,500005,500013,1124147
77777Х14123,676566,388631,1078050,461136,504565,1095926,1075589
X393526,520661,520668,504383,696366,696074,450102,696784,696761,670639,696470
X169164118,1088223,1083851,647063,1094646,639367,1094201,638686,1073195
О00000016467,388559,696396,388560,1094300,1096630,461124,695789,605399,167290,1094233
О00000016500,676575,1101842,588428,676567,1078051,1078050,647202,569914,714853,721412,506048
Х1258,885918,1094772,651335,469564,676556,1078721,676525
Ю00000028260,1126356,1126994,1096643,1094183,1094740,648781,1122444,1122445,731196,614507
X1048042301,647465,676562,1014320,695218,695024,1094740,388634,714853,696257,1100628,1060782
Ю00000030051,1078051,1078050,388585,676559,676557,725562,1093354,653682
О00000005314,433344,1122426,1081314,1081315,1073291,601874,474093,696437,648780,387775
О00000021691,1078051,1078050,1103044,459025,988968,1101085,1096778,521740
О00000016928,1078051,1078050,696242,696509,696331,1094740,1096483,505779,588396,653663
О00000026667,1094758,1094756,1109750,461027,460997,1109696,1095976,1101085
704308,1078050,695674,695598,433344,696080,696547,677912,696601
О00000038017,1109697,1095460,1094752,1103079,996013
Х13025271,1017478,1027069,1022681,167707,1101767,523328,567711
71219,1109600,647576,166511,166509,696532,1023274,696698,505776,633122
О00000009698,387773,389436,1102073,1124876,905694,676839,472911,568097,389438,387779,653853,1101822
О00000021635,1014332,1014327,1014331,1101555,676589,676585,1078050,569912,1095014,1084130,1096692,1022716
X16912757303,814942,822019,721384,1078050,459162,696738,695659,1074462
resanta_72x3x7,1018160,695995,1101695,388559,1101848,504550,1094272,505499,1090795,1101693,1032003,1101852
О00000004995,1094751,1094661,1109668,1096222,1109695,814948,167133,758614
О00000007642,1078051,1089885,862922,600690,588461,167055,676447,1109718,862992,387677
О00000007381,1078051,1078050,1094740,1080846,491470,863038,1100628,1080845
О00000021680,1098248,520789,1094774,433344,474707,387900,696452,387691
Ю00000026701,647047,506428,696561,538869,670639,503788,520711,648089
Х145108,576100,576081,576068,1078051,1078050,1075194,1000586,1080232,841027,618485
Х12725401,504589,387900,504574,387833,633109,616522,1101748,1078051,677912,1073855,564722
О00000008783,1141284,1126287,696757,696766,696748,696760,491470,696288,696739,1102160
Х12368,639210,1100692,1100687,1086026,1094313,1094237,1078050,696057,639726
О00000020621,387785,387786,387784,387783,387781,1101831,1101830,457771,1103067,989049
О00000026368,1094740,166549,638745,648814,1101757,473417,530496,587038
О00000022905,1094761,1094747,1103095,814969,578846,576947,721411,1138921,443596
Ю00000019880,696300,696687,696782,1093289,1097336,521823,695975,696653,696774,696181,1084270,696775
X18809226,1094772,461136,862846,696243,595071,998650,1093354
О00000032804,1073270,1122651,1010468,504567,1094279,1122575,1122576,1101870,505779,1100641
Ю00000026700,502567,647042,647041,587038,1025116,1123644,1078739,505773,520709
О00000005989,474065,469569,696669,1085598,1085616,1078747,1073630,1096629,988962,696211,647554
715297,1078051,1078050,638524,638514,1101085,504596,836615,647543,577406
Х1302923,474788,474786,469410,468818,468817,1094740,468460,468311,1079307,1025101,1093551
О00000017278,1078051,1094740,504567,504589,1095978,1109697,577871,387770
О00000026367,1078050,1078051,1103044,504565,387887,1031511,1111363
О00000018085,1078051,1101085,862996,1113724,744953,430936,575902
Х1302710148,602915,1124902,1078050,507183,638501,602917,670818
О00000021562,1094331,670764,670774,670771,1079661,500015,1101860,166549,1111493,1097426
О00000021566,1103067,1014334,1014322,1078050,472214,1025105,1087704,734289
X169828719,1078051,1078050,521823,505768,1075277,1023250,695357,172745,1096654,636142
О00000016477,389439,389457,389440,389472,1094740,744611,862330,458013,579070,1084145
О00000021587,576131,676559,676557,569915,648781,1118987,1109749,388619,1056059
О00000016619,696557,1084301,696074,696306,975424,1073328,648088
X1048040912,389397,389395,389384,676712,458106,458108,1094740,1078050,443744,637636
О00000031966,1078051,1078050,1061263,1084023,695920,1091426,695969,692246,1025107
X131503128,587729,1032480,1000570,1000573,565186,1125414,1118552
Ю00000026475,1085177,1009779,1086029,1088831,479844
О00000033388,721391,721395,721394,1078051,721387,429146,1094734,1025098,695932,1095938
О00000021618,1078051,1078050,1094740,491470,670775,1096655,1096753,1096795
X10990201114,638780,991473,1083096,1075190,1114700,1088109,542987,970605
О00000016638,1094772,1075277,1103062,491470,1078050,696553,732289
О00000008392,469565,469563,1092838,1092833,505782,457754,1098214,1080238,592000,522369
О00000013156,1094740,1078051,433344,695607,1084441,521216,1072717
О00000025665,1104081,1104080,1104082,1104046,1104048,1104077,1104070,1114642,696569,521734
Х13021312,1094740,1106903,695111,1132068,994671,1092099,458523,1084130
О00000033067,474065,469575,469569,469573,500014,670775,670771,1084226,504584
О00000033727,1078050,1089879,504584,387901,1085121,991420,1073860,1096087,989025
О00000022703,1075227,1075224,1075225,1094741,1078050,695878,653851,522370,648246
X169828745,1078051,1078050,695605,695627,1084321,1095998,996931,639888,745247,1047980
X169164170,695265,695381,975433,696263,1060943,696036,696714,695687,1073195
X1350313733,613080,1094740,1114598,1093563,1084543,387700,167568
Х151467,1078051,505858,521666,167876,1093540,721384,696327
О00000002405,1094774,461129,577795,1101831,1101827,1086026,491470,696784,725998
О00000034622,1078051,491470,1075194,1101695,1124165,1101670,1096650
Ю00000011833,1017428,577556,676564,676568,676569,576061,1078050,1101085,1079307,1105827
О00000016794,647050,647052,647044,696243,696140,1094246,590645,577836,521734,1101883
X10191077,1088882,1089325,1073276,631022,1078050,387891,1084495,1124038
О00000016810,387773,387862,1124899,1014318,1093560,598839,792323,568099,387917,1124909,758667,387769
X186129202,1094751,1094752,1094748,1096222,991452,1102010
О00000003018,387895,387891,387830,387829,1101731,1101733,1100654,1100657,648814,578846,1075217,1075190
Ю00000022108,1078051,1078050,1094774,1097824,1095945,461073,1114740,1094750,461152,695743
Х130581,1097178,1100956,588534,592815,470052,1124077,1072920,504249,696019,656053
О00000010664,676568,676569,676573,726015,731196,1080585,1101869,638110,1109760
Х1311158,647239,862859,1074546,606116,1103042,1078050,504550,598452
Х1302710477,523288,1078731,1081005,738616,738608,1094740,587380,587383,1075828,505395
X131102263,695920,1118532,1000614,695798,1085042,1104241,802497,1104222,1104223,1083831,499960
X169828706,597449,597446,597460,1080602,1097896,1114726,497021,1113740,1088103
О00000016795,1078051,1094755,576839,504086,635207,714863,1094646,1077438,1099626
X7652,1101566,1101834,387790,389614,389615,1101833,677923,1096650,1096638,696640,1094188
Х1310150,862959,1014327,1084130,1100653,1078050,914642,1101578,577852,1014332,696217,1100651,505398
О00000010643,1103043,469578,1092840,696297,1084000,676559,387682,1023244,577429
О00000033716,1095460,1103095,1095978,1089836,1089844,1101085
Ю00000025429,1094740,569912,648799,433344,1118533,696079,648809,1073327
О00000020473,1094820,1126995
Х1272087,1084748,695455,695260,696137,696294,696359,1019862,1019866,696473,696292,695342
Х13025174,1094739,1094741,1078051,1078050,695122,388619,458528,588412,587476,695392
О00000025721,1104046,1014360,1104123,1101669,1104102,1104121,696696,1104040,1014359,1104095,1102053,1104098
Х1302710108,1082107,523306,1080993,1075828,467863,467862,696069,1083994,653850
X1691450271,695632,695348,695871,695161,577410,577411,626051,1101935,672294,695627
77777Х106393,677913,1096634,1073471,695573,1091164,500300,648797,721459,1101916
О00000027578,1094661,1109668,1096222,1111447,695668
Х1302710219,1095460,523328,523322,999532,1088875,1080997,670827,1084232,676622
Х12713260,1078051,500311,500314,731201,1080846,637986,1086299,862842
Х1302710277,1094740,523290,1073636,433344,469549,474779,504584,1097891
О00000011096,624948,613022,1100654,1101746,1095613,1093517,721458,1097031,1080646,696696
О00000032803,648814,1122658,696562,696761,1122645,696752,1122638,696769
Х1302710113,607954,1086037,1124902,387900,638501,166992,602917
Ю00000320323,1078051,1078050,677923,670813,696267,695969,1075278,410542,1071435
О00000003046,1078050,1078051,433344,991488,505778,696156,172355
О00000040022,1103010,1094761,1078051,1078050,1094740,1096222,1096656,1080655
X69970103,1095460,1109697,1109668,1097896
О00000030563,638500,1099874,1099875,1026001,644684,696487,509852,670812,1104251,433349
О00000021200,695122,670773,473286,1103011,1101863,732287,1096086,436898
X169820514,1078051,1094740,1081286,670772,696689,505763,1094312
О00000019478,1097911,732291,732290,696172,1074821
Х130237735,1078051,1078050,1122395,1129351,1132161,445708,172689,1027037
О00000037206,587380,523319,695548,1103067,173067,988968,1084224,1138928,1047976
О00000025680,1104077,1104074,1104066,1124097,1104068,1104082,1104080,1104085,1104088,1080846,1072982,1080845
Х14369,1094758,1094775,696079,696127,1100600,1100592,655184,676528,388341
Ю00000019393,1077988,1077976,601616
О00000029368,1090535,1087096,988997,1120522,989050,647382,1096222,461138,996013,1074819
Х131616151,1087702,1124026,173020,1078050,638682,1087692,993335,575374
О00000034623,1078051,991062,167056
77777X68822,1077976,601616,1077983
Ю00000010037,520789,1098248,1025116,988969,1084693,696366,473662,1124939
О00000012936,1094661,1094759
О00000017436,1095033,567257,616544,695122,576100,648799,492437,1010471
Ю00000031217,1078733,1078732,1080999,1124868,1084232,1084243,1096654,1018603,1096623,1080651,655201
Х12725473,1101542,1102072,505429,885942,587724,1096623,1080228,802493
Ю00000027134,1078051,647043,647050,491470,569903
О00000012488,1088852,1088161,1031513,670773,576056,530860,172356,564889
Х130237724,1094740,467096,529865
Х131565,587285,587762,639683,694806,618438,1078051,433344,862922,1096087,1022688,1118627
Ю00000026696,1078051,1075200,1094774,1094732,577836,505773,588364,1084145
X109902016774,1078050,1101566,1000627,1096634,1096638,814905,504169,167055,676746
О00000012970,388537,388538,1087730,483392,1078047,1017418
О00000021572,387888,1000631,387769,1101818,387770,1094740,676575,1096801
Х1302949,1078051,468028,474791,696719,1017478,1114726,458040,1114561
О00000012989,1122524,1018170,1015668,1096629,648223,567105
О00000030663,1078050,1097905,1079598,696079,387917,1010471,580706,1096767
X130501285,433344,1114577,1100597,461153,505763,1017429
X30306104,1078050,472214,521599
X1698205150,504338,520709,1081309,1082107,1081343,696561,505770,1073504,589887
X1048041314,1100715,1100714,655203,1101585,1078051,1094740,505375,993369,1102068
О00000020564,1078051,862822,1014356,1080232,695241,474658,522386
О00000009977,1078051,1075277,1088939,1075181,1088923,1088929,586827,443032,589554
О00000016809,1014335,1014326,1014337,1014338,1014336,433344,648814
Х1302710476,1094736,1103028,1094194,474026,1075091,670813,738616
Ю00000012171,1078051,1078050,993320,1019862,1094999,1125531
X76182,1018615,1018616,676709,1095460,696686,1084470,1096008,587421,461153,670810
Ю00000022583,1103080,491470,1096222,981399,1106944
О00000025471,1103032,1094820,677923,670813,676740,670820,580916,670815
resanta_67x1x20,647042,504432,504433,1094820,1122410,696243,1083991,591926,1101625
X699145595,695086,695156,601616,575443,695272,648131,695202,676789
704235239,695604,695487,695505,1094740,1126018,564133,1110388,173069,676756
О00000015257,1094286,670772,388633,1075213,586943,1017423
X13050243,1094724,696480,696474,695605,1080649,1084419,696015
О00000018300,388560,506033,1088746,1080251,1080990,696452,633206,476152,991498,1094225
О00000014461,1078733,1078729,523342,1078051,1094740,433344,387888,653850,1097891
О00000025653,1104055,1104048,1104049,1104061,1014360,1014359,1014362,1094772,1104076,1100653
О00000022209,1078051,1078050,821298,1097911,862837,721412,522328,677923,670818,647533,1025997
О00000005481,1103010,502564,637985,1078050,507183,653840,530512
Х1248851,1103060,1103065,577416,695244
Х13025135,505384,443032,445643,429275
О00000031167,1095460,1109697,638497,1083819,1083821,863077,863078,433344,504589,862925,575906
О00000010647,1103011,461050,885911,505394,744065,1047581,1023244,588412
Ю00000028614,1103055,1103054,1095997,1088946,1078051,587270,745247
О00000014386,1103044,1094744,1031513,461121,816807,166549,504169
X1099040226,638759,638758,840996,166548,587947,1092099,670833,814911
О00000009348,633109,714838,619568,1086029,1085603,1000557,677913,1074836,467105
X169144803,1078051,1078050,1091175,1091176,1080601,1074446,505612,696689
713134,695219,695284,695305,695220,695230,1078051,1078050,676900,677923,530374,676503
О00000021613,1099644,676697,648814,1078050,670763,504600,504550,506045
О00000021571,1014328,624926,647465,1017496,433344,1078050,1088144,696687,443692
О00000021589,638780,1094774,1095980,600693,676559,569912,862996
X131102321,1097124,1100653,1104230,430958
X13502129,443212,443209,1103032,433344,1109710,696079,455889,1092768
704235342,1080846,433344,1080845,1101848
X190396142206,433344,1080853,1126995,1014340
О00000026484,461021,862981,1109749,1109696,1095926,1000570,1078050,1114718,167770,506103
X169139212,696408,696409,695124,650220,696300,696361,695831,725983,695532
X18809199,1094772,695743,991452,1078050,862846
О00000004189,1094740,1077957,491470,744319,567260,1080655,1078722
Х13021308,1085121,648780,648790,1087105,648781,474787,474788,474790,1095654,1095636,1084022
Х130225531,1103063,676877,988989,1078050,507183,747476,587943,638501
X11933111,1078051,1078050,695206,505776,732287,505429,1098248,1075271,1015656
О00000033482,1124085,1124086,1124082,1094733,988968,1124098,1124103,1109684,472879
Ю00000024232,1084023,1122355,1061267,916138,1109712,1021090
О00000034377,1078748,1080251,1078749,1080995,1080249,1080994,1080987,1094733,1124963,522329,467107
X968256,1092833,1092837,469549,474661,521700,696127,504600,567261,504550,1101588
X968204,1080238,1080232,455890,589602,1097910,1072982,726015,474062,732299
X1307156,1017422,1132068,648813
О00000034376,1078748,1080251,1078749,1080995,1080249,1080994,1080987,1094733,1124964,522329,467107
О00000025650,1104045,1104050,1104055,1094732,504384,1122422,474089,1104076,470052
О00000005756,638780,1094760,695920,1118542,387900,1085557,1083831
Х143247,504596,588497,388559,1000113,1010476,473634
О00000033380,167763,1097697,1097917,1097823,1101085,647895,1124110,1073168
О00000026677,1094820,1078051,1103032,517659,648312
Х1302717187,1078051,1078050,1094740,1101085,536024,166514,1023274,500007,696667,638501
X1019564,1080232,1123920,1072850,522353,1122426,1078050,588534,1101575,1123865
О00000014144,1017468,457772,1014318,1000639,638780,744022,483392,1017418,1125493
Ю00000025668,1094661,1103010,1078051,1096222
Х13025315,589602,474026,1078050,1096651,1094314,1073326,1094256,648203
Х130862,497901,474781,1078050,504584,567258,1109726,522371,695669
X16912322,469569,469574,696687,696698,725981,1088132,1078050,1080655,1097689
О00000025679,1104077,1104074,1104078,1104079,1104076,1104052,1014356,1104124
О00000026257,591929,577054,591926,648133,1078051,1094740,1118559,639275
Х12725474,1103038,504584,505429,1101732,1101738,648812,1078050,1104044,1075215
X131101274,695277,996025,540348,1085615,744274,1114560,638500,1097820
X1099025435,1078050,1094740,1088879,504584,576098,587951,1100734
X190396142139,1078050,1100597,637861,592819,461152,1111516,1019230
О00000026252,502565,502562,1082105,577774,1114561,576947,862842,433524
X1697409140,597454,597446,597445,721385,695527,1094201,695538,696714,696692,696759
О00000025717,1101669,1102053,1104122,1101757,1104125,388811,696230,1094187
О00000025647,1094740,1104052,1104056,1104077,1104075,696569,1104124,504000,1104101
X183165,175545,473381,1079327,670842,670845,1078050,1096004,505770,677923
Ю00000024230,1072706,1094740,504584,505429,1061263,1117400
О00000016884,1094755,862815,1101764,1095976,648809,1085930,1096629
71248,1104252,1104253,696212,1078050,696698,592428,647576,1025091
О00000017220,1073276,1084495,862837,1123900,1129355,1078723,1122652
X13050225,676396,1084528,1084512,744335,1084529,1078050,1084531,1084522
О00000032811,1010468,504567,1073270,1101870,1087730,1122644,1122398,1122506
X11375341,1023262,863044,1023277,1094740,166523,536030,696686,387900,638501,505776
X130501501,721393,721395,443033,443031,1078050,1101085,721384,744010,695265
X1663105,1018607,588212,1083128,387789,389614,1094732,695233,1075217,451751,451752
70436089,166494,166493,166496,1078051,577774,696667,676700,603771,166835
О00000021539,695920,1075216,587438,618495,647044
О00000027696,1109699,1109750,461129,1102206,1102209,1094740,1097823,569914,166549
О00000034462,1094740,1078050,504565,473404,1124867,522328,1080655
704305274,647052,647041,587230,506392,636538,1078050,1092112,1092110,167780,172388
О00000016391,1094752,1094745,1109710,1096222,1094740,1101579
Х11842,607853,747476,647580,167717,862933,166520,927789
Ю00000017566,695500,695233,1018602,1018605,990293,1120555
О00000020317,624926,676575,1014342,1014328,676633,1014320,1097031,714853,1075192,1096086,389341
О00000020537,1094740,1094739,567704,504565,387901,1073350
Х130237722,1094740,1073494,588200,589539,467095,166806,638123
О00000026743,1000586,504565,996951,430956,560028,1078050,862846,1097178,614502,1092087
О00000037228,1094740,1072970,1126357,1138928,461129,167247,1101623,695771
X1099025464,695219,695284,695305,695220,695230,692495,692496,677923,530374,676503,999586
О00000026693,1085145,530477,1112178,1101542,1098248,472579,1106064
Х143321,1101723,1097031,506753,523285,506756,509852,1101695,1094198,1105826,696696
X130501322,1100744,568830,507197,721395,696538,885942,443032,429275,1096994
О00000030167,1094740,1079552,433344,1078050,1095014,506041,1096630
Ю00000015718,1080612,1118556,862996,504183,501539,1083095,575643
О00000030979,695090,695043,694861,1094740,696766,696761,568535,696769,695999
X16982850,1078051,676617,676614,696399,647623,696670,821990,521938
О00000021634,1084170,696565,696137,696385,696006,432112,458013,695723,696221
О00000036019,600692,1094227,1101763,1091430,577871,1124027,601840
О00000038878,562143,576128,576129,568092,387770,1078050,504584,1085557,460963
О00000016536,696408,520749,696348,670514,520748,862846,696006,696294,885946,1008597,520836
X131503100,1000559,1000571,166992,841037,1101723,1122562,696696,1075065,604795
О00000033295,721384,429105,1103017,695660,975424,696518,1114753,638501,696738
О00000021617,1094204,1094262,1094303,388559,696396,433344,676564,991498,167835,996485
Ю00000024645,567704,647050,647044,1106909,1095594,504565,1102037,695955
О00000024926,388641,388613,670753,1094740,1080846,1014326,1080845,588212,451750
X190396142143,1126356,1096643,944982,1080852,1122445,638600,1111483,1111481,443691,1110389,591741
О00000032809,1122620,1122628,1072984,725983,670523,1104043,1084472,470052
X1307182,1094740,1101085,1094772,506003,587947,696243,173059,1056065
X13503140108,1094745,1094772,1103092,1075171,461153,1078724,1119584
X1697409142,597444,597452,721384,1023254,696225,695836,1080269,1073187,695896,1101086,1085959
О00000021803,1103019,1096222,885918,505793,1000558,1078050,1096656
900541,607853,747476,647580,167717,1114671,862933,166520
X186126279,1094750,1094740,1118975,430918,166987,692308,461129,568938,538914
X1099020305,1014353,672282,1088109,747212,696447,1096009,695969,975411,670830
Х13079378,1075076,993376,993362,509840,509846,648814,1078050,567257,1123865
О00000019866,692245,999577,1078050,648434,676639,1084130,1089925
X1350262,638780,1094740,469569,1095014,1095033,443595,1080652,639720
71209,696698,1114700,1078050,638501,1096015,166519,1019856,696667,575906
О00000021601,389398,461021,461013,1000558,569912,695743,458523,1096758
Х130237731,1078051,1122395,1125478,1088900,577425,388897,738631,1073325
Х130316666,167763,1073483,696076,604474,1060780,591998,692251
О00000021547,577795,676544,388559,388546,1031513,996485,672303,1109699,569914,1010476
X169828704,1075278,1075277,505771,1075279,1078051,1078050,520749,167707,696785,577406
О00000019883,529857,991062,639760,1098295,1094740,821298,443250,388193,1000582,1094394
О00000019888,1101693,1101698,1101696,1101831,1024539,476813,696518,1102085
О00000021937,1124052,1124048,1124043,1124089,1124053,1124045,1124049,1124046,1124047,1124054
Ю00000029702,1080846,1080845,1072920,1094331,578843,459528,1026005
X1048042330,676570,670744,624926,1014334,676562,676633,588428,1094740
X3031119,1078051,695969,696008,1094323,841054,669482,1039597,456976
О00000022391,721412,944962,1096643,433344,1124905,695920,1096645,455885,443031,696756
Х1302982,1078051,1094740,468311,468304,474841,521762,505842,505768,647562
О00000022585,1017422,1078050,1097896,1109680,1129353,432112,1088917,447185
Х153710896,1096650,1096648,638780,568649,653695,443251,587441,696696
X13191681,389397,1101835,1101555,576061,1101868,1091430,589619,714866,1110372
X13172112,1103018,1017478,1103026,1095980,500358,173041,579072
О00000020588,1094740,1101085,500003,1092839,433344,1095945,648250,862844,692495
О00000025691,1014360,1014353,1014359,1104046,1104040,1104123,1104125,1100686,1018607,470052,696696
О00000023381,676564,676568,633776,1122579,1078051,991483,991443,166937,1075281,695303
О00000001122,1094750,1078051,1078050,1094764,460995,1079331
X3030342,1078051,1083134,1097910,577836,1078721,1074031,483392,588428,731204,1080243
О00000007842,721412,1126356,1096643,614505,1078051,1078050,1101085,1096087,504207,648819
О00000003662,1027074,1085603,647238,696257,732287,648809,504000,696008,387775,1094259
О00000003629,1023274,166493,1094772,536024,166514,696698,387891,696667,638501
X400128,1094740,696122,695865,1101843,695661,696714,505771
О00000003394,696787,696778,521823,1075277,1078050,696263,696145,1114674,695480
Ю00000026697,1078051,1078050,173067,578891,814923,731237,1101794,1080321,1101991
О00000034994,1074048,1074050,473432,1027047,1094964,1096642,1084405,522399
mir-instrumenta_38527,1078051,1094820,1096008,587421,648308,1018607,460964
О00000021657,576032,714858,589543,474744,1094774,461021,989062,1083960
X169740928,1078051,1078050,1073161,726022,1096669,1094317,695123,1094187,1099936
О00000034379,1124960,1124961,1124946,1124951,499967,474026,458884,1113727,862903
X169164122,1084324,1083839,862803,1083851,1083853,1060943,167831,526730,1084131,746455
Х12725452,504565,387891,504582,387892,1094740,676525,1078043,1096840,1089860
Х12725499,989028,1078050,1101085,461120,862922,1101731,692424
О00000022196,1078051,1101645,1101672,1080846,1080845,998650,1096630,841001
О00000025685,1094740,588421,1109664,1104124,517466,647043
Х13025026,1094740,653687,653686,1122423,1114746,387887,1124903,1055756
О00000021941,1124052,1124048,1124043,1124089,1124053,1124045,1124044,1124049,1124046,1124054
X131102212,473416,473404,560025,695449,696001,505429,648800,1083831,648813,1086174
О00000026666,443212,443211,1094760,1109750,1031513,1094377
Х1310636,1032003,506041,1078050,1096222,1084270,1072982,459162,1122567
77777Х14541,1094772,1010482,1086028,1109668,885916,1088085,1105824
О00000026751,1101832,1101829,1094766,696656,696562,696730,1082112,647043
О00000011322,1085042,505779,695194,1089925
Х11101,1014315,1014316,1014314,1078051,732297,677923,670812,670818
О00000039256,638780,505429,996941,1126358,1138927,1098248,387694,457758,1047564
Х1302710293,1094740,696212,676538,577051,653850,695403,521728
О00000007952,505377,505374,1078050,1101085,1084543,1100188,1104218,1090796
X1691275742,721393,721395,1090797,1090808,1090806,636409,721386,429118,635491,578849
